distance,acceleration_a,acceleration_b
920.515,0.988796,0.00115773
943.327,0.941551,0.00110241
965.608,0.898602,0.00105213
987.372,0.859424,0.00100625
1008.63,0.823572,0.000964277
1029.41,0.790667,0.000925751
1049.71,0.760384,0.000890294
1069.54,0.732442,0.000857577
1088.93,0.706597,0.000827317
1107.87,0.682639,0.000799266
1126.38,0.660382,0.000773207
1144.48,0.639665,0.000748951
1162.16,0.620346,0.000726331
1179.45,0.602299,0.0007052
1196.34,0.585412,0.000685429
1212.84,0.569587,0.0006669
1228.97,0.554735,0.00064951
1244.73,0.540778,0.000633168
1260.13,0.527644,0.00061779
1275.17,0.51527,0.000603303
1289.86,0.503599,0.000589638
1304.21,0.49258,0.000576736
1318.22,0.482166,0.000564542
1331.89,0.472313,0.000553007
1345.24,0.462985,0.000542085
1358.27,0.454145,0.000531735
1370.98,0.445763,0.00052192
1383.38,0.437808,0.000512606
1395.47,0.430254,0.000503761
1407.26,0.423076,0.000495358
1418.75,0.416253,0.000487368
1429.94,0.409762,0.000479769
1440.84,0.403586,0.000472538
1451.45,0.397707,0.000465654
1461.78,0.392109,0.000459099
1471.82,0.386776,0.000452855
1481.58,0.381695,0.000446906
1491.07,0.376853,0.000441237
1500.29,0.372238,0.000435834
1509.23,0.367839,0.000430683
1517.91,0.363646,0.000425774
1526.32,0.359649,0.000421094
1534.46,0.35584,0.000416635
1542.35,0.35221,0.000412385
1549.98,0.348752,0.000408336
1557.35,0.345458,0.000404479
1564.47,0.342323,0.000400807
1571.33,0.339338,0.000397313
1577.95,0.3365,0.00039399
1584.31,0.333802,0.000390831
1590.43,0.331239,0.00038783
1596.3,0.328807,0.000384983
1601.92,0.326501,0.000382283
1607.31,0.324318,0.000379727
1612.45,0.322253,0.000377309
1617.35,0.320303,0.000375025
1622.01,0.318464,0.000372873
1626.44,0.316734,0.000370847
1630.62,0.315109,0.000368945
1634.58,0.313588,0.000367163
1638.29,0.312166,0.000365499
1641.77,0.310844,0.00036395
1645.02,0.309617,0.000362514
1648.04,0.308485,0.000361189
1650.82,0.307445,0.000359971
1653.38,0.306496,0.00035886
1655.7,0.305637,0.000357854
1657.79,0.304866,0.000356951
1659.66,0.304181,0.00035615
1661.29,0.303583,0.00035545
1662.7,0.30307,0.000354849
1663.87,0.302642,0.000354347
1664.82,0.302297,0.000353943
1665.54,0.302035,0.000353637
1666.04,0.301856,0.000353428
1666.3,0.30176,0.000353315
1666.34,0.301746,0.000353299
1666.15,0.301815,0.000353379
1665.73,0.301966,0.000353556
1665.09,0.3022,0.00035383
1664.21,0.302517,0.000354201
1663.11,0.302918,0.000354671
1661.78,0.303403,0.000355238
1660.23,0.303972,0.000355905
1658.44,0.304628,0.000356672
1656.42,0.30537,0.000357541
1654.18,0.306199,0.000358513
1651.7,0.307118,0.000359589
1648.99,0.308127,0.00036077
1646.06,0.309229,0.00036206
1642.88,0.310424,0.000363459
1639.48,0.311714,0.00036497
1635.84,0.313102,0.000366595
1631.97,0.31459,0.000368337
1627.86,0.31618,0.000370198
1623.52,0.317875,0.000372183
1618.93,0.319677,0.000374293
1614.11,0.321589,0.000376532
1609.05,0.323616,0.000378905
1603.75,0.325759,0.000381414
1598.2,0.328024,0.000384066
1592.41,0.330413,0.000386863
1586.38,0.332932,0.000389812
1580.1,0.335584,0.000392918
1573.57,0.338375,0.000396185
1566.79,0.34131,0.000399622
1559.75,0.344395,0.000403233
1552.47,0.347635,0.000407027
1544.93,0.351037,0.000411011
1537.13,0.354609,0.000415193
1529.07,0.358358,0.000419582
1520.74,0.362291,0.000424187
1512.16,0.366417,0.000429018
1503.3,0.370746,0.000434087
1494.18,0.375288,0.000439405
1484.78,0.380053,0.000444984
1475.11,0.385053,0.000450838
1465.16,0.3903,0.000456982
1454.93,0.395808,0.000463431
1444.41,0.401592,0.000470203
1433.61,0.407667,0.000477316
1422.52,0.41405,0.00048479
1411.13,0.42076,0.000492646
1399.44,0.427817,0.000500909
1387.45,0.435243,0.000509603
1375.16,0.443061,0.000518757
1362.55,0.451298,0.000528401
1349.63,0.459982,0.000538569
1336.39,0.469143,0.000549295
1322.82,0.478816,0.000560621
1308.92,0.489039,0.00057259
1294.68,0.499851,0.000585249
1280.11,0.511299,0.000598653
1265.19,0.523432,0.000612859
1249.91,0.536305,0.000627932
1234.27,0.549981,0.000643943
1218.27,0.564526,0.000660973
1201.89,0.580017,0.000679111
1185.13,0.596539,0.000698456
1167.98,0.614187,0.000719119
1150.43,0.633068,0.000741226
1132.47,0.653303,0.000764918
1114.1,0.675029,0.000790356
1095.3,0.6984,0.00081772
1076.06,0.723593,0.000847217
1056.38,0.75081,0.000879084
1036.24,0.780282,0.000913592
1015.62,0.812278,0.000951054
994.524,0.847107,0.000991833
972.929,0.885129,0.00103635
950.823,0.926765,0.0010851
928.19,0.972513,0.00113866
905.015,1.02296,0.00119773
881.281,1.0788,0.00126311
856.972,1.14087,0.00133578
832.07,1.21018,0.00141693
806.555,1.28796,0.001508
780.409,1.3757,0.00161074
753.612,1.47528,0.00172732
726.145,1.58899,0.00186047
697.99,1.71977,0.00201359
669.13,1.87132,0.00219103
639.551,2.04842,0.00239839
609.243,2.25729,0.00264295
578.205,2.50614,0.0029343
546.45,2.80587,0.00328525
514.01,3.17122,0.00371301
480.948,3.6222,0.00424104
447.381,4.18613,0.00490132
413.506,4.9001,0.00573727
379.649,5.81305,0.0068062
346.346,6.98472,0.00817804
314.458,8.47312,0.00992073
285.335,10.291,0.0120492
260.96,12.3032,0.0144052
243.893,14.0855,0.0164919
236.657,14.96,0.0175159
240.563,14.478,0.0169516
254.885,12.8967,0.0151001
277.33,10.8937,0.0127548
305.253,8.99182,0.0105281
336.472,7.40067,0.00866506
369.456,6.13824,0.00718694
403.214,5.15345,0.00603391
437.126,4.38487,0.00513401
470.812,3.77985,0.00442562
504.042,3.29789,0.00386132
536.679,2.90897,0.00340596
568.647,2.5911,0.00303378
599.904,2.32812,0.00272587
630.434,2.10809,0.00246826
660.233,1.92209,0.00225047
689.31,1.76335,0.00206462
717.678,1.62671,0.00190463
745.351,1.50816,0.00176582
772.349,1.40456,0.00164453
798.691,1.31344,0.00153784
824.395,1.23282,0.00144344
849.481,1.16108,0.00135944
873.968,1.09693,0.00128433
897.875,1.03929,0.00121685
921.217,0.98729,0.00115597
944.013,0.940184,0.00110081
966.277,0.897357,0.00105067
988.026,0.858286,0.00100492
1009.27,0.822529,0.000963056
1030.03,0.789709,0.000924629
1050.32,0.759501,0.00088926
1070.14,0.731626,0.000856622
1089.51,0.705842,0.000826433
1108.44,0.681938,0.000798445
1126.94,0.65973,0.000772443
1145.02,0.639058,0.00074824
1162.69,0.61978,0.000725667
1179.97,0.601769,0.00070458
1196.84,0.584916,0.000684848
1213.34,0.569122,0.000666355
1229.46,0.554298,0.000648999
1245.2,0.540367,0.000632687
1260.59,0.527257,0.000617337
1275.62,0.514905,0.000602875
1290.3,0.503255,0.000589235
1304.64,0.492255,0.000576356
1318.64,0.481858,0.000564183
1332.3,0.472023,0.000552666
1345.64,0.46271,0.000541762
1358.66,0.453884,0.000531429
1371.37,0.445515,0.00052163
1383.76,0.437573,0.000512331
1395.84,0.43003,0.0005035
1407.62,0.422864,0.000495109
1419.09,0.416051,0.000487132
1430.28,0.40957,0.000479545
1441.17,0.403404,0.000472324
1451.77,0.397533,0.000465451
1462.09,0.391943,0.000458906
1472.12,0.386618,0.000452671
1481.88,0.381545,0.000446731
1491.35,0.37671,0.00044107
1500.56,0.372101,0.000435674
1509.5,0.367709,0.000430531
1518.16,0.363522,0.000425629
1526.57,0.359531,0.000420956
1534.71,0.355728,0.000416503
1542.59,0.352103,0.000412259
1550.21,0.34865,0.000408216
1557.57,0.345362,0.000404366
1564.68,0.34223,0.000400699
1571.54,0.339251,0.000397211
1578.14,0.336416,0.000393892
1584.5,0.333723,0.000390738
1590.61,0.331164,0.000387743
1596.47,0.328736,0.0003849
1602.09,0.326434,0.000382205
1607.46,0.324254,0.000379652
1612.6,0.322193,0.000377239
1617.49,0.320246,0.000374959
1622.15,0.318411,0.00037281
1626.57,0.316684,0.000370788
1630.75,0.315062,0.00036889
1634.69,0.313544,0.000367112
1638.4,0.312126,0.000365452
1641.87,0.310806,0.000363906
1645.12,0.309582,0.000362474
1648.12,0.308453,0.000361151
1650.9,0.307416,0.000359937
1653.45,0.30647,0.000358829
1655.76,0.305613,0.000357826
1657.85,0.304844,0.000356926
1659.71,0.304163,0.000356128
1661.33,0.303567,0.000355431
1662.73,0.303057,0.000354834
1663.9,0.302631,0.000354335
1664.84,0.302289,0.000353934
1665.56,0.30203,0.000353631
1666.04,0.301853,0.000353424
1666.3,0.30176,0.000353315
1666.33,0.301748,0.000353301
1666.14,0.30182,0.000353385
1665.71,0.301973,0.000353565
1665.06,0.30221,0.000353842
1664.18,0.30253,0.000354216
1663.07,0.302933,0.000354688
1661.74,0.30342,0.000355259
1660.17,0.303992,0.000355929
1658.38,0.30465,0.000356699
1656.35,0.305395,0.000357571
1654.1,0.306228,0.000358546
1651.62,0.307149,0.000359625
1648.9,0.308161,0.00036081
1645.96,0.309265,0.000362103
1642.78,0.310463,0.000363505
1639.37,0.311757,0.00036502
1635.72,0.313148,0.000366648
1631.84,0.314639,0.000368394
1627.73,0.316232,0.000370259
1623.37,0.31793,0.000372247
1618.78,0.319735,0.000374361
1613.96,0.321651,0.000376605
1608.89,0.323681,0.000378981
1603.58,0.325828,0.000381495
1598.02,0.328097,0.000384151
1592.23,0.33049,0.000386953
1586.19,0.333013,0.000389907
1579.9,0.335669,0.000393017
1573.36,0.338465,0.00039629
1566.57,0.341404,0.000399732
1559.53,0.344493,0.000403349
1552.24,0.347739,0.000407149
1544.69,0.351146,0.000411139
1536.88,0.354723,0.000415327
1528.81,0.358477,0.000419722
1520.48,0.362416,0.000424334
1511.88,0.366549,0.000429173
1503.02,0.370884,0.000434249
1493.89,0.375433,0.000439574
1484.48,0.380205,0.000445162
1474.8,0.385212,0.000451025
1464.85,0.390467,0.000457178
1454.61,0.395984,0.000463637
1444.08,0.401776,0.000470419
1433.27,0.407861,0.000477543
1422.17,0.414254,0.000485028
1410.77,0.420974,0.000492897
1399.08,0.428042,0.000501172
1387.08,0.43548,0.000509881
1374.77,0.443311,0.000519049
1362.15,0.451561,0.000528709
1349.22,0.460259,0.000538893
1335.97,0.469436,0.000549638
1322.39,0.479125,0.000560983
1308.48,0.489365,0.000572972
1294.24,0.500197,0.000585654
1279.65,0.511665,0.000599082
1264.72,0.52382,0.000613313
1249.43,0.536717,0.000628414
1233.78,0.550418,0.000644456
1217.76,0.564992,0.000661519
1201.37,0.580513,0.000679693
1184.6,0.597069,0.000699076
1167.44,0.614753,0.000719782
1149.88,0.633675,0.000741936
1131.91,0.653954,0.00076568
1113.52,0.675728,0.000791174
1094.71,0.699153,0.000818601
1075.46,0.724405,0.000848168
1055.76,0.751688,0.000880112
1035.6,0.781235,0.000914707
1014.97,0.813314,0.000952266
993.862,0.848236,0.000993155
972.251,0.886363,0.0010378
950.129,0.928119,0.00108669
927.479,0.974003,0.00114041
904.288,1.0246,0.00119965
880.537,1.08062,0.00126524
856.209,1.1429,0.00133816
831.288,1.21246,0.0014196
805.754,1.29052,0.001511
779.588,1.3786,0.00161413
752.77,1.47858,0.00173119
725.283,1.59277,0.00186489
697.106,1.72413,0.0020187
668.224,1.8764,0.00219697
638.622,2.05438,0.00240537
608.291,2.26436,0.00265122
577.232,2.5146,0.00294421
545.455,2.81612,0.00329725
512.994,3.18379,0.00372773
479.915,3.63782,0.00425933
446.335,4.20579,0.00492434
412.454,4.92513,0.00576658
378.605,5.84516,0.00684379
345.33,7.02585,0.0082262
313.505,8.5247,0.00998113
284.496,10.3518,0.0121204
260.307,12.365,0.0144776
243.509,14.1298,0.0165439
236.608,14.9661,0.017523
240.86,14.4424,0.0169099
255.473,12.8375,0.0150307
278.126,10.8314,0.0126819
306.181,8.93743,0.0104644
337.474,7.35679,0.00861368
370.494,6.10387,0.00714671
404.265,5.12669,0.00600257
438.174,4.3639,0.00510946
471.849,3.76324,0.00440618
505.063,3.28457,0.00384573
537.68,2.89815,0.00339329
569.626,2.58219,0.00302335
600.861,2.32071,0.0027172
631.368,2.10186,0.00246096
661.145,1.91679,0.00224427
690.2,1.75881,0.0020593
718.546,1.62278,0.00190003
746.198,1.50474,0.00176182
773.175,1.40156,0.00164102
799.497,1.3108,0.00153474
825.182,1.23047,0.00144069
850.249,1.15898,0.00135699
874.718,1.09505,0.00128213
898.607,1.0376,0.00121487
921.932,0.985759,0.00115417
944.711,0.938795,0.00109919
966.959,0.896092,0.00104919
988.692,0.85713,0.00100357
1009.92,0.82147,0.000961816
1030.67,0.788735,0.000923488
1050.94,0.758603,0.000888209
1070.75,0.730796,0.000855651
1090.1,0.705073,0.000825533
1109.02,0.681225,0.00079761
1127.51,0.659067,0.000771667
1145.58,0.63844,0.000747516
1163.24,0.619203,0.000724992
1180.49,0.60123,0.000703949
1197.36,0.584411,0.000684257
1213.84,0.568648,0.0006658
1229.95,0.553853,0.000648478
1245.69,0.539948,0.000632197
1261.06,0.526863,0.000616876
1276.08,0.514534,0.000602441
1290.75,0.502905,0.000588825
1305.07,0.491924,0.000575968
1319.06,0.481545,0.000563816
1332.72,0.471726,0.000552319
1346.05,0.462429,0.000541434
1359.06,0.453618,0.000531118
1371.75,0.445263,0.000521335
1384.13,0.437333,0.00051205
1396.21,0.429803,0.000503234
1407.98,0.422648,0.000494856
1419.44,0.415845,0.000486891
1430.62,0.409375,0.000479315
1441.5,0.403218,0.000472106
1452.09,0.397356,0.000465243
1462.4,0.391774,0.000458708
1472.43,0.386457,0.000452483
1482.17,0.381391,0.000446551
1491.64,0.376564,0.000440899
1500.84,0.371962,0.000435511
1509.77,0.367576,0.000430376
1518.43,0.363396,0.000425481
1526.82,0.359411,0.000420815
1534.95,0.355613,0.000416369
1542.83,0.351994,0.000412131
1550.44,0.348546,0.000408094
1557.79,0.345262,0.000404249
1564.89,0.342136,0.000400589
1571.74,0.339161,0.000397105
1578.34,0.336331,0.000393792
1584.69,0.333641,0.000390643
1590.79,0.331087,0.000387652
1596.65,0.328663,0.000384814
1602.26,0.326365,0.000382123
1607.63,0.324189,0.000379576
1612.75,0.322131,0.000377166
1617.64,0.320187,0.000374891
1622.29,0.318356,0.000372746
1626.7,0.316632,0.000370728
1630.87,0.315014,0.000368833
1634.81,0.313498,0.000367059
1638.51,0.312084,0.000365402
1641.98,0.310767,0.00036386
1645.21,0.309546,0.000362431
1648.21,0.308419,0.000361112
1650.98,0.307385,0.000359901
1653.52,0.306442,0.000358797
1655.83,0.305588,0.000357797
1657.91,0.304822,0.0003569
1659.76,0.304143,0.000356105
1661.38,0.30355,0.000355411
1662.77,0.303043,0.000354817
1663.93,0.302619,0.000354321
1664.87,0.302279,0.000353923
1665.58,0.302023,0.000353623
1666.06,0.301849,0.000353419
1666.31,0.301758,0.000353313
1666.33,0.301749,0.000353302
1666.13,0.301823,0.000353389
1665.7,0.301979,0.000353572
1665.04,0.302219,0.000353852
1664.15,0.302541,0.000354229
1663.03,0.302947,0.000354704
1661.69,0.303436,0.000355278
1660.12,0.304011,0.000355951
1658.32,0.304672,0.000356724
1656.29,0.305419,0.0003576
1654.03,0.306255,0.000358578
1651.54,0.307179,0.00035966
1648.82,0.308194,0.000360848
1645.86,0.309301,0.000362144
1642.68,0.310502,0.00036355
1639.26,0.311798,0.000365068
1635.61,0.313193,0.000366701
1631.72,0.314687,0.00036845
1627.6,0.316283,0.000370319
1623.24,0.317984,0.000372311
1618.64,0.319793,0.000374429
1613.8,0.321713,0.000376676
1608.73,0.323746,0.000379057
1603.41,0.325897,0.000381576
1597.85,0.328169,0.000384236
1592.04,0.330566,0.000387043
1585.99,0.333093,0.000390001
1579.7,0.335754,0.000393116
1573.15,0.338553,0.000396394
1566.36,0.341498,0.000399841
1559.31,0.344592,0.000403464
1552.01,0.347842,0.00040727
1544.45,0.351255,0.000411266
1536.63,0.354837,0.00041546
1528.56,0.358597,0.000419862
1520.22,0.362541,0.000424481
1511.61,0.36668,0.000429326
1502.74,0.371022,0.00043441
1493.6,0.375577,0.000439744
1484.19,0.380356,0.000445339
1474.5,0.385371,0.000451211
1464.53,0.390634,0.000457373
1454.28,0.396159,0.000463842
1443.75,0.401961,0.000470635
1432.93,0.408054,0.000477769
1421.82,0.414457,0.000485266
1410.41,0.421188,0.000493147
1398.71,0.428268,0.000501436
1386.7,0.435717,0.000510158
1374.38,0.44356,0.000519342
1361.76,0.451824,0.000529017
1348.81,0.460537,0.000539218
1335.55,0.469729,0.000549981
1321.96,0.479435,0.000561345
1308.04,0.489693,0.000573355
1293.79,0.500543,0.000586059
1279.19,0.512032,0.000599511
1264.25,0.524209,0.000613769
1248.95,0.53713,0.000628898
1233.29,0.550857,0.00064497
1217.26,0.565459,0.000662066
1200.86,0.581011,0.000680276
1184.07,0.5976,0.000699699
1166.9,0.615322,0.000720448
1149.32,0.634283,0.000742649
1131.34,0.654607,0.000766444
1112.94,0.676429,0.000791996
1094.12,0.699908,0.000819486
1074.85,0.72522,0.000849122
1055.14,0.75257,0.000881145
1034.97,0.782191,0.000915826
1014.33,0.814353,0.000953483
993.199,0.849369,0.000994481
971.573,0.887602,0.00103925
949.434,0.929478,0.00108828
926.768,0.975498,0.00114216
903.559,1.02626,0.00120159
879.791,1.08246,0.00126739
855.445,1.14494,0.00134056
830.505,1.21474,0.00142228
804.952,1.29309,0.00151401
778.766,1.38151,0.00161754
751.928,1.48189,0.00173507
724.419,1.59657,0.00186934
696.221,1.72852,0.00202383
667.317,1.8815,0.00220295
637.692,2.06038,0.00241239
607.339,2.27147,0.00265954
576.256,2.52312,0.00295418
544.458,2.82645,0.00330934
511.976,3.19646,0.00374256
478.88,3.65356,0.00427776
445.287,4.22561,0.00494754
411.401,4.95037,0.00579613
377.56,5.87754,0.0068817
344.316,7.06732,0.00827476
312.554,8.57665,0.0100419
283.661,10.4128,0.0121918
259.661,12.4267,0.0145497
243.136,14.1733,0.0165948
236.572,14.9708,0.0175285
241.167,14.4057,0.0168669
256.069,12.7778,0.0149609
278.928,10.7692,0.0126091
307.113,8.88329,0.010401
338.479,7.31318,0.00856261
371.535,6.06973,0.00710673
405.317,5.1001,0.00597144
439.224,4.34306,0.00508506
472.888,3.74673,0.00438685
506.084,3.27132,0.00383022
538.682,2.88738,0.00338068
570.607,2.57333,0.00301297
601.819,2.31333,0.00270855
632.303,2.09565,0.00245368
662.058,1.91151,0.00223809
691.091,1.75428,0.00205399
719.414,1.61887,0.00189544
747.045,1.50133,0.00175782
774.002,1.39857,0.00163751
800.303,1.30816,0.00153165
825.969,1.22812,0.00143794
851.018,1.15689,0.00135454
875.468,1.09317,0.00127994
899.339,1.03591,0.00121289
922.647,0.984231,0.00115238
945.41,0.937408,0.00109756
967.642,0.894828,0.00104771
989.359,0.855975,0.00100222
1010.58,0.820411,0.000960576
1031.3,0.787761,0.000922348
1051.56,0.757706,0.000887158
1071.35,0.729967,0.00085468
1090.7,0.704305,0.000824633
1109.6,0.680511,0.000796775
1128.08,0.658404,0.00077089
1146.13,0.637822,0.000746792
1163.78,0.618626,0.000724316
1181.03,0.60069,0.000703316
1197.88,0.583906,0.000683664
1214.35,0.568174,0.000665245
1230.44,0.553408,0.000647956
1246.17,0.539529,0.000631706
1261.53,0.526468,0.000616414
1276.54,0.514162,0.000602005
1291.2,0.502553,0.000588413
1305.52,0.491592,0.000575579
1319.49,0.481231,0.000563448
1333.14,0.471429,0.000551971
1346.46,0.462147,0.000541104
1359.46,0.453351,0.000530805
1372.14,0.445009,0.000521038
1384.52,0.437092,0.000511768
1396.58,0.429574,0.000502966
1408.34,0.42243,0.000494601
1419.8,0.415638,0.000486649
1430.96,0.409178,0.000479085
1441.84,0.40303,0.000471887
1452.42,0.397178,0.000465034
1462.72,0.391604,0.000458509
1472.74,0.386295,0.000452293
1482.47,0.381237,0.00044637
1491.94,0.376416,0.000440726
1501.13,0.371821,0.000435346
1510.05,0.367442,0.000430219
1518.7,0.363268,0.000425331
1527.08,0.359289,0.000420672
1535.21,0.355496,0.000416232
1543.07,0.351883,0.000412001
1550.67,0.34844,0.00040797
1558.02,0.345161,0.000404131
1565.11,0.34204,0.000400476
1571.96,0.339069,0.000396998
1578.55,0.336244,0.00039369
1584.89,0.333558,0.000390546
1590.98,0.331008,0.00038756
1596.83,0.328588,0.000384726
1602.43,0.326294,0.00038204
1607.79,0.324121,0.000379497
1612.91,0.322067,0.000377091
1617.79,0.320127,0.00037482
1622.43,0.318299,0.000372679
1626.84,0.316578,0.000370665
1631,0.314963,0.000368774
1634.93,0.313451,0.000367003
1638.63,0.312039,0.00036535
1642.09,0.310725,0.000363812
1645.31,0.309508,0.000362386
1648.31,0.308384,0.00036107
1651.07,0.307352,0.000359863
1653.6,0.306412,0.000358762
1655.91,0.305561,0.000357765
1657.98,0.304798,0.000356872
1659.82,0.304121,0.00035608
1661.43,0.303531,0.000355389
1662.82,0.303026,0.000354797
1663.97,0.302605,0.000354304
1664.9,0.302268,0.00035391
1665.6,0.302014,0.000353612
1666.07,0.301843,0.000353412
1666.32,0.301754,0.000353308
1666.33,0.301748,0.000353301
1666.12,0.301824,0.00035339
1665.69,0.301983,0.000353576
1665.02,0.302225,0.000353859
1664.13,0.302549,0.000354239
1663,0.302958,0.000354717
1661.65,0.30345,0.000355294
1660.07,0.304028,0.00035597
1658.27,0.304691,0.000356747
1656.23,0.305441,0.000357625
1653.96,0.306279,0.000358606
1651.46,0.307206,0.000359692
1648.74,0.308224,0.000360883
1645.78,0.309334,0.000362183
1642.58,0.310538,0.000363592
1639.16,0.311837,0.000365113
1635.5,0.313234,0.000366749
1631.6,0.314731,0.000368502
1627.47,0.316331,0.000370375
1623.11,0.318035,0.00037237
1618.5,0.319847,0.000374492
1613.66,0.32177,0.000376744
1608.57,0.323807,0.000379129
1603.25,0.325962,0.000381651
1597.68,0.328237,0.000384316
1591.87,0.330639,0.000387127
1585.81,0.333169,0.00039009
1579.51,0.335834,0.00039321
1572.96,0.338638,0.000396494
1566.15,0.341587,0.000399946
1559.1,0.344685,0.000403574
1551.79,0.34794,0.000407385
1544.22,0.351358,0.000411387
1536.4,0.354946,0.000415587
1528.31,0.358711,0.000419996
1519.97,0.362661,0.000424621
1511.35,0.366806,0.000429474
1502.48,0.371154,0.000434565
1493.33,0.375716,0.000439906
1483.9,0.380502,0.00044551
1474.21,0.385524,0.00045139
1464.23,0.390795,0.000457561
1453.98,0.396328,0.000464039
1443.43,0.402138,0.000470842
1432.6,0.40824,0.000477987
1421.48,0.414653,0.000485495
1410.07,0.421394,0.000493388
1398.35,0.428484,0.000501689
1386.34,0.435945,0.000510425
1374.01,0.443801,0.000519623
1361.38,0.452077,0.000529313
1348.42,0.460804,0.000539531
1335.15,0.470011,0.000550311
1321.55,0.479733,0.000561694
1307.62,0.490008,0.000573724
1293.36,0.500876,0.00058645
1278.75,0.512385,0.000599925
1263.8,0.524584,0.000614208
1248.49,0.537528,0.000629363
1232.82,0.55128,0.000645465
1216.78,0.565909,0.000662594
1200.36,0.581492,0.000680838
1183.57,0.598113,0.000700299
1166.38,0.61587,0.00072109
1148.79,0.63487,0.000743336
1130.8,0.655237,0.000767182
1112.39,0.677107,0.000792789
1093.55,0.700638,0.00082034
1074.27,0.726008,0.000850045
1054.54,0.753422,0.000882143
1034.36,0.783115,0.000916909
1013.7,0.815358,0.00095466
992.559,0.850465,0.000995764
970.917,0.888801,0.00104065
948.763,0.930793,0.00108982
926.081,0.976947,0.00114386
902.855,1.02786,0.00120346
879.07,1.08423,0.00126947
854.707,1.14692,0.00134287
829.748,1.21696,0.00142487
804.176,1.29559,0.00151693
777.971,1.38434,0.00162085
751.113,1.48511,0.00173883
723.584,1.60026,0.00187366
695.365,1.73278,0.00202882
666.439,1.88646,0.00220876
636.793,2.0662,0.0024192
606.418,2.27837,0.00266763
575.314,2.53139,0.00296387
543.494,2.83648,0.00332109
510.993,3.20878,0.00375699
477.879,3.66887,0.00429569
444.274,4.2449,0.00497013
410.384,4.97494,0.00582489
376.552,5.90907,0.00691862
343.337,7.10769,0.00832202
311.638,8.62716,0.0101011
282.859,10.472,0.0122611
259.044,12.486,0.0146192
242.784,14.2144,0.0166429
236.546,14.974,0.0175322
241.473,14.3692,0.0168241
256.652,12.7198,0.0148929
279.708,10.7092,0.0125389
308.016,8.83126,0.0103401
339.451,7.27133,0.00851362
372.541,6.037,0.0070684
406.334,5.0746,0.00594158
440.239,4.32307,0.00506166
473.891,3.73089,0.0043683
507.071,3.2586,0.00381533
539.649,2.87704,0.00336857
571.553,2.56482,0.00300301
602.743,2.30624,0.00270025
633.206,2.08968,0.00244669
662.939,1.90643,0.00223214
691.95,1.74992,0.00204889
720.253,1.6151,0.00189103
747.863,1.49804,0.00175398
774.8,1.39569,0.00163414
801.082,1.30561,0.00152867
826.729,1.22586,0.0014353
851.759,1.15487,0.00135218
876.192,1.09136,0.00127782
900.046,1.03428,0.00121099
923.337,0.982761,0.00115066
946.084,0.936073,0.001096
968.3,0.893612,0.00104628
990.002,0.854863,0.00100091
1011.2,0.819392,0.000959382
1031.92,0.786824,0.000921251
1052.16,0.756842,0.000886146
1071.94,0.729169,0.000853745
1091.27,0.703566,0.000823768
1110.16,0.679825,0.000795972
1128.62,0.657765,0.000770143
1146.67,0.637227,0.000746096
1164.3,0.61807,0.000723666
1181.54,0.600171,0.000702709
1198.38,0.583419,0.000683095
1214.84,0.567718,0.000664711
1230.92,0.552979,0.000647454
1246.63,0.539126,0.000631234
1261.99,0.526089,0.000615969
1276.98,0.513804,0.000601586
1291.63,0.502216,0.000588018
1305.94,0.491273,0.000575206
1319.91,0.480929,0.000563095
1333.55,0.471143,0.000551637
1346.86,0.461877,0.000540787
1359.85,0.453095,0.000530505
1372.52,0.444766,0.000520753
1384.88,0.436861,0.000511498
1396.94,0.429355,0.000502709
1408.69,0.422222,0.000494357
1420.14,0.41544,0.000486417
1431.29,0.408989,0.000478864
1442.16,0.40285,0.000471676
1452.73,0.397007,0.000464834
1463.02,0.391441,0.000458318
1473.03,0.38614,0.000452111
1482.76,0.381089,0.000446197
1492.22,0.376275,0.000440561
1501.4,0.371687,0.000435189
1510.31,0.367314,0.000430069
1518.95,0.363146,0.000425188
1527.33,0.359173,0.000420536
1535.45,0.355386,0.000416103
1543.3,0.351777,0.000411878
1550.9,0.34834,0.000407853
1558.24,0.345066,0.000404019
1565.32,0.341949,0.00040037
1572.16,0.338983,0.000396897
1578.74,0.336162,0.000393594
1585.07,0.33348,0.000390455
1591.16,0.330934,0.000387473
1597,0.328518,0.000384644
1602.6,0.326227,0.000381962
1607.95,0.324058,0.000379423
1613.06,0.322007,0.000377022
1617.94,0.320071,0.000374754
1622.57,0.318246,0.000372617
1626.96,0.316529,0.000370607
1631.12,0.314917,0.00036872
1635.04,0.313408,0.000366953
1638.73,0.311999,0.000365303
1642.19,0.310688,0.000363768
1645.41,0.309473,0.000362345
1648.39,0.308352,0.000361033
1651.15,0.307323,0.000359829
1653.68,0.306385,0.000358731
1655.97,0.305537,0.000357737
1658.04,0.304776,0.000356847
1659.87,0.304103,0.000356058
1661.48,0.303515,0.00035537
1662.85,0.303012,0.000354781
1664,0.302594,0.000354292
1664.92,0.302259,0.0003539
1665.62,0.302008,0.000353605
1666.08,0.301839,0.000353408
1666.32,0.301753,0.000353307
1666.33,0.30175,0.000353303
1666.11,0.301828,0.000353395
1665.67,0.30199,0.000353584
1665,0.302234,0.000353869
1664.09,0.302561,0.000354253
1662.97,0.302972,0.000354734
1661.61,0.303467,0.000355313
1660.02,0.304047,0.000355992
1658.21,0.304713,0.000356772
1656.16,0.305465,0.000357653
1653.89,0.306306,0.000358638
1651.39,0.307236,0.000359726
1648.65,0.308256,0.000360921
1645.68,0.309369,0.000362224
1642.48,0.310575,0.000363636
1639.05,0.311878,0.000365161
1635.38,0.313278,0.000366801
1631.48,0.314778,0.000368557
1627.34,0.31638,0.000370433
1622.97,0.318088,0.000372433
1618.36,0.319904,0.000374558
1613.51,0.32183,0.000376814
1608.42,0.32387,0.000379203
1603.08,0.326029,0.00038173
1597.51,0.328308,0.000384399
1591.69,0.330713,0.000387214
1585.63,0.333248,0.000390182
1579.31,0.335917,0.000393307
1572.75,0.338725,0.000396595
1565.94,0.341678,0.000400053
1558.88,0.344781,0.000403686
1551.56,0.348041,0.000407503
1543.99,0.351464,0.00041151
1536.16,0.355057,0.000415717
1528.06,0.358827,0.000420132
1519.71,0.362783,0.000424764
1511.09,0.366934,0.000429624
1502.2,0.371288,0.000434722
1493.05,0.375857,0.000440071
1483.62,0.38065,0.000445683
1473.91,0.385679,0.000451571
1463.93,0.390958,0.000457752
1453.66,0.396499,0.000464239
1443.11,0.402317,0.000471052
1432.27,0.408429,0.000478208
1421.14,0.414851,0.000485727
1409.72,0.421602,0.000493632
1398,0.428703,0.000501946
1385.97,0.436175,0.000510695
1373.64,0.444043,0.000519907
1360.99,0.452333,0.000529613
1348.03,0.461074,0.000539847
1334.75,0.470296,0.000550644
1321.14,0.480034,0.000562046
1307.2,0.490326,0.000574097
1292.92,0.501213,0.000586844
1278.31,0.512742,0.000600343
1263.34,0.524962,0.000614651
1248.02,0.53793,0.000629834
1232.34,0.551708,0.000645966
1216.29,0.566364,0.000663126
1199.86,0.581976,0.000681405
1183.06,0.59863,0.000700905
1165.86,0.616423,0.000721737
1148.26,0.635463,0.00074403
1130.25,0.655872,0.000767926
1111.83,0.67779,0.000793589
1092.97,0.701374,0.000821201
1073.68,0.726802,0.000850974
1053.94,0.754281,0.000883148
1033.74,0.784047,0.000917999
1013.07,0.816371,0.000955846
991.915,0.851569,0.000997058
970.258,0.890008,0.00104206
948.088,0.932119,0.00109137
925.39,0.978406,0.00114556
902.148,1.02947,0.00120535
878.345,1.08602,0.00127157
853.964,1.14892,0.00134521
828.988,1.21919,0.00142749
803.397,1.2981,0.00151988
777.172,1.38718,0.00162418
750.295,1.48835,0.00174263
722.745,1.60398,0.00187801
694.505,1.73707,0.00203385
665.558,1.89146,0.00221461
635.89,2.07207,0.00242608
605.492,2.28534,0.00267579
574.366,2.53975,0.00297366
542.525,2.84662,0.00333295
510.005,3.22122,0.00377156
476.874,3.68435,0.00431382
443.257,4.2644,0.00499296
409.363,4.99979,0.00585399
375.539,5.94097,0.00695597
342.355,7.14852,0.00836983
310.721,8.67818,0.0101608
282.057,10.5316,0.0123309
258.43,12.5454,0.0146887
242.439,14.2549,0.0166903
236.531,14.9759,0.0175345
241.789,14.3316,0.0167801
257.244,12.6613,0.0148244
280.496,10.6492,0.0124686
308.925,8.77936,0.0102793
340.429,7.22964,0.00846481
373.551,6.00439,0.00703022
407.355,5.0492,0.00591184
441.256,4.30315,0.00503834
474.897,3.7151,0.00434982
508.06,3.24593,0.00380048
540.619,2.86672,0.0033565
572.502,2.55632,0.00299306
603.67,2.29916,0.00269196
634.111,2.08372,0.00243971
663.822,1.90137,0.00222621
692.811,1.74558,0.0020438
721.093,1.61134,0.00188663
748.683,1.49477,0.00175014
775.6,1.39282,0.00163077
801.862,1.30307,0.0015257
827.49,1.22361,0.00143266
852.502,1.15286,0.00134983
876.918,1.08956,0.00127571
900.754,1.03266,0.00120908
924.029,0.98129,0.00114894
946.759,0.934738,0.00109444
968.96,0.892396,0.00104486
990.646,0.853752,0.000999613
1011.83,0.818373,0.00095819
1032.53,0.785888,0.000920155
1052.76,0.755979,0.000885136
1072.53,0.728371,0.000852811
1091.84,0.702827,0.000822903
1110.72,0.679139,0.000795169
1129.17,0.657128,0.000769396
1147.2,0.636633,0.0007454
1164.82,0.617516,0.000723017
1182.05,0.599652,0.000702101
1198.88,0.582934,0.000682526
1215.32,0.567262,0.000664178
1231.4,0.552552,0.000646954
1247.1,0.538724,0.000630763
1262.44,0.52571,0.000615526
1277.43,0.513447,0.000601168
1292.07,0.501879,0.000587624
1306.36,0.490955,0.000574833
1320.32,0.480629,0.000562743
1333.95,0.470859,0.000551304
1347.25,0.461607,0.000540472
1360.23,0.452839,0.000530206
1372.89,0.444524,0.000520469
1385.25,0.436632,0.000511229
1397.29,0.429136,0.000502453
1409.03,0.422014,0.000494114
1420.47,0.415243,0.000486186
1431.62,0.408802,0.000478645
1442.48,0.402672,0.000471468
1453.04,0.396837,0.000464636
1463.32,0.39128,0.000458129
1473.32,0.385986,0.000451931
1483.05,0.380943,0.000446026
1492.49,0.376136,0.000440398
1501.66,0.371555,0.000435034
1510.57,0.367188,0.000429921
1519.2,0.363025,0.000425047
1527.57,0.359058,0.000420402
1535.68,0.355277,0.000415975
1543.53,0.351674,0.000411756
1551.12,0.348241,0.000407737
1558.45,0.344972,0.000403909
1565.53,0.341859,0.000400265
1572.35,0.338898,0.000396798
1578.93,0.336081,0.0003935
1585.25,0.333404,0.000390365
1591.33,0.330862,0.000387388
1597.17,0.328449,0.000384564
1602.76,0.326162,0.000381886
1608.1,0.323997,0.000379351
1613.21,0.32195,0.000376954
1618.07,0.320017,0.000374691
1622.7,0.318195,0.000372558
1627.09,0.316481,0.000370551
1631.24,0.314872,0.000368668
1635.15,0.313366,0.000366904
1638.83,0.31196,0.000365258
1642.28,0.310652,0.000363727
1645.49,0.30944,0.000362307
1648.47,0.308322,0.000360998
1651.22,0.307297,0.000359797
1653.74,0.306361,0.000358702
1656.03,0.305516,0.000357712
1658.09,0.304758,0.000356825
1659.91,0.304087,0.000356039
1661.51,0.303502,0.000355354
1662.88,0.303002,0.000354769
1664.03,0.302586,0.000354282
1664.94,0.302254,0.000353893
1665.63,0.302005,0.000353602
1666.08,0.301839,0.000353407
1666.31,0.301755,0.000353309
1666.32,0.301754,0.000353308
1666.09,0.301835,0.000353403
1665.64,0.301999,0.000353595
1664.96,0.302246,0.000353884
1664.05,0.302576,0.00035427
1662.92,0.302989,0.000354754
1661.55,0.303487,0.000355337
1659.96,0.30407,0.000356019
1658.14,0.304738,0.000356802
1656.09,0.305494,0.000357686
1653.81,0.306337,0.000358674
1651.29,0.30727,0.000359766
1648.55,0.308293,0.000360964
1645.58,0.309408,0.00036227
1642.37,0.310618,0.000363686
1638.93,0.311923,0.000365214
1635.26,0.313326,0.000366857
1631.35,0.31483,0.000368617
1627.2,0.316436,0.000370498
1622.82,0.318146,0.000372501
1618.2,0.319965,0.000374631
1613.34,0.321895,0.00037689
1608.25,0.323939,0.000379284
1602.91,0.326101,0.000381815
1597.32,0.328385,0.000384488
1591.5,0.330794,0.000387309
1585.42,0.333332,0.000390281
1579.11,0.336006,0.000393411
1572.54,0.338818,0.000396705
1565.72,0.341776,0.000400168
1558.65,0.344884,0.000403807
1551.32,0.348149,0.000407629
1543.74,0.351577,0.000411643
1535.9,0.355175,0.000415856
1527.8,0.358952,0.000420277
1519.44,0.362914,0.000424917
1510.81,0.367071,0.000429784
1501.91,0.371432,0.00043489
1492.75,0.376007,0.000440247
1483.31,0.380807,0.000445867
1473.6,0.385844,0.000451765
1463.6,0.391131,0.000457955
1453.33,0.396681,0.000464452
1442.77,0.402508,0.000471275
1431.92,0.408629,0.000478442
1420.78,0.415061,0.000485974
1409.35,0.421823,0.000493891
1397.62,0.428936,0.000502218
1385.58,0.43642,0.000510981
1373.24,0.444301,0.000520209
1360.58,0.452605,0.000529931
1347.61,0.46136,0.000540182
1334.32,0.470598,0.000550998
1320.7,0.480353,0.00056242
1306.75,0.490663,0.000574491
1292.46,0.50157,0.000587262
1277.84,0.51312,0.000600785
1262.86,0.525363,0.00061512
1247.53,0.538355,0.000630332
1231.83,0.55216,0.000646495
1215.77,0.566845,0.000663689
1199.34,0.582489,0.000682006
1182.51,0.599178,0.000701546
1165.3,0.617008,0.000722422
1147.69,0.636089,0.000744763
1129.67,0.656544,0.000768713
1111.23,0.678512,0.000794434
1092.37,0.702151,0.000822112
1073.06,0.727641,0.000851957
1053.31,0.755189,0.000884211
1033.1,0.785032,0.000919152
1012.41,0.817442,0.000957099
991.236,0.852736,0.000998424
969.563,0.891285,0.00104356
947.377,0.933519,0.00109301
924.662,0.979948,0.00114737
901.402,1.03117,0.00120735
877.581,1.08791,0.00127378
853.182,1.15103,0.00134768
828.187,1.22155,0.00143025
802.576,1.30076,0.00152299
776.331,1.39019,0.0016277
749.433,1.49178,0.00174664
721.861,1.60791,0.00188261
693.599,1.74161,0.00203916
664.629,1.89675,0.0022208
634.938,2.07829,0.00243336
604.518,2.29272,0.00268442
573.369,2.54859,0.00298401
541.506,2.85735,0.00334552
508.964,3.2344,0.00378699
475.816,3.70076,0.00433302
442.186,4.28507,0.00501716
408.288,5.02614,0.00588484
374.475,5.97479,0.00699556
341.323,7.19178,0.00842048
309.758,8.73218,0.010224
281.219,10.5944,0.0124045
257.792,12.6075,0.0147615
242.087,14.2964,0.0167389
236.526,14.9766,0.0175353
242.132,14.291,0.0167326
257.875,12.5994,0.014752
281.329,10.5862,0.0123948
309.884,8.72509,0.0102158
341.458,7.1861,0.00841383
374.614,5.97035,0.00699037
408.429,5.02268,0.00588079
442.326,4.28236,0.00501399
475.955,3.6986,0.0043305
509.1,3.23267,0.00378497
541.639,2.85594,0.00334387
573.499,2.54744,0.00298266
604.645,2.29175,0.00268329
635.062,2.07748,0.00243241
664.75,1.89606,0.00221999
693.717,1.74102,0.00203847
721.977,1.60739,0.00188201
749.545,1.49133,0.00174612
776.441,1.3898,0.00162724
802.683,1.30041,0.00152258
828.291,1.22125,0.00142989
853.284,1.15075,0.00134735
877.681,1.08767,0.00127349
901.499,1.03095,0.00120709
924.757,0.979747,0.00114713
947.469,0.933337,0.0010928
969.653,0.891119,0.00104336
991.324,0.852585,0.000998247
1012.5,0.817303,0.000956937
1033.18,0.784904,0.000919002
1053.39,0.755071,0.000884073
1073.14,0.727532,0.00085183
1092.45,0.70205,0.000821994
1111.31,0.678419,0.000794325
1129.75,0.656457,0.000768611
1147.77,0.636008,0.000744669
1165.37,0.616932,0.000722334
1182.58,0.599107,0.000701463
1199.4,0.582423,0.000681928
1215.84,0.566783,0.000663617
1231.9,0.552102,0.000646427
1247.59,0.538301,0.000630268
1262.92,0.525312,0.00061506
1277.9,0.513072,0.000600729
1292.52,0.501525,0.000587209
1306.81,0.49062,0.000574441
1320.76,0.480312,0.000562372
1334.37,0.470559,0.000550953
1347.66,0.461324,0.00054014
1360.63,0.452571,0.000529891
1373.29,0.444269,0.000520171
1385.63,0.43639,0.000510946
1397.66,0.428907,0.000502184
1409.4,0.421796,0.000493859
1420.83,0.415035,0.000485943
1431.97,0.408604,0.000478413
1442.81,0.402484,0.000471248
1453.37,0.396658,0.000464426
1463.64,0.39111,0.00045793
1473.63,0.385824,0.000451741
1483.35,0.380788,0.000445845
1492.78,0.375989,0.000440225
1501.95,0.371414,0.000434869
1510.84,0.367054,0.000429764
1519.47,0.362898,0.000424898
1527.83,0.358937,0.00042026
1535.93,0.355161,0.00041584
1543.77,0.351564,0.000411627
1551.35,0.348136,0.000407614
1558.67,0.344872,0.000403793
1565.74,0.341765,0.000400154
1572.56,0.338808,0.000396692
1579.13,0.335995,0.000393399
1585.45,0.333323,0.00039027
1591.52,0.330785,0.000387298
1597.34,0.328376,0.000384478
1602.93,0.326093,0.000381806
1608.26,0.323932,0.000379275
1613.36,0.321888,0.000376882
1618.22,0.319959,0.000374623
1622.84,0.318141,0.000372494
1627.22,0.31643,0.000370491
1631.36,0.314825,0.000368612
1635.27,0.313322,0.000366852
1638.94,0.311919,0.00036521
1642.38,0.310614,0.000363682
1645.59,0.309405,0.000362266
1648.56,0.30829,0.00036096
1651.3,0.307267,0.000359763
1653.81,0.306335,0.000358671
1656.09,0.305492,0.000357684
1658.14,0.304737,0.0003568
1659.96,0.304069,0.000356018
1661.56,0.303486,0.000355336
1662.92,0.302989,0.000354754
1664.05,0.302576,0.00035427
1664.96,0.302246,0.000353884
1665.64,0.302,0.000353596
1666.09,0.301837,0.000353405
1666.31,0.301756,0.00035331
1666.31,0.301757,0.000353312
1666.08,0.301841,0.00035341
1665.62,0.302008,0.000353605
1664.93,0.302257,0.000353897
1664.02,0.302589,0.000354286
1662.87,0.303006,0.000354773
1661.5,0.303506,0.000355359
1659.9,0.304092,0.000356045
1658.07,0.304763,0.000356831
1656.01,0.305521,0.000357719
1653.72,0.306367,0.000358709
1651.21,0.307303,0.000359805
1648.45,0.308329,0.000361006
1645.47,0.309448,0.000362316
1642.26,0.31066,0.000363736
1638.81,0.311969,0.000365268
1635.13,0.313375,0.000366914
1631.21,0.314882,0.000368678
1627.06,0.316491,0.000370562
1622.67,0.318205,0.00037257
1618.05,0.320028,0.000374704
1613.18,0.321961,0.000376967
1608.07,0.324009,0.000379365
1602.73,0.326175,0.000381901
1597.14,0.328462,0.000384579
1591.3,0.330875,0.000387404
1585.22,0.333418,0.000390382
1578.89,0.336096,0.000393517
1572.32,0.338913,0.000396816
1565.49,0.341876,0.000400284
1558.41,0.344989,0.000403929
1551.08,0.348259,0.000407758
1543.49,0.351692,0.000411778
1535.64,0.355296,0.000415998
1527.53,0.359078,0.000420426
1519.16,0.363047,0.000425072
1510.52,0.36721,0.000429947
1501.62,0.371578,0.000435061
1492.44,0.37616,0.000440426
1483,0.380968,0.000446056
1473.27,0.386013,0.000451963
1463.27,0.391308,0.000458162
1452.99,0.396867,0.00046467
1442.42,0.402703,0.000471504
1431.56,0.408834,0.000478683
1420.42,0.415277,0.000486226
1408.97,0.42205,0.000494156
1397.23,0.429174,0.000502497
1385.18,0.436671,0.000511275
1372.83,0.444565,0.000520518
1360.16,0.452883,0.000530257
1347.18,0.461653,0.000540526
1333.88,0.470907,0.000551361
1320.25,0.48068,0.000562803
1306.29,0.491009,0.000574896
1291.99,0.501936,0.00058769
1277.35,0.513507,0.000601239
1262.36,0.525774,0.000615601
1247.02,0.538792,0.000630843
1231.32,0.552624,0.000647038
1215.24,0.567339,0.000664267
1198.79,0.583015,0.000682622
1181.96,0.599739,0.000702203
1164.74,0.617609,0.000723125
1147.11,0.636732,0.000745516
1129.08,0.657234,0.000769521
1110.63,0.679254,0.000795302
1091.75,0.70295,0.000823047
1072.43,0.728504,0.000852967
1052.66,0.756122,0.000885304
1032.43,0.786043,0.000920337
1011.73,0.818542,0.000958388
990.539,0.853936,0.000999829
968.85,0.892597,0.0010451
946.647,0.93496,0.00109469
923.914,0.981534,0.00114923
900.637,1.03293,0.0012094
876.797,1.08986,0.00127606
852.379,1.1532,0.00135022
827.364,1.22398,0.0014331
801.733,1.30349,0.00152619
775.467,1.39329,0.00163133
748.547,1.49531,0.00175078
720.954,1.61196,0.00188736
692.669,1.74629,0.00204464
663.676,1.9022,0.00222719
633.961,2.0847,0.00244087
603.517,2.30033,0.00269333
572.344,2.55772,0.0029947
540.459,2.86843,0.00335849
507.896,3.24802,0.00380293
474.73,3.71771,0.00435287
441.088,4.30644,0.00504219
407.186,5.05339,0.00591675
373.384,6.00977,0.00703652
340.267,7.23653,0.00847287
308.774,8.78794,0.0102893
280.365,10.6591,0.0124802
257.146,12.671,0.0148358
241.736,14.3379,0.0167875
236.532,14.9757,0.0175343
242.495,14.2483,0.0166826
258.531,12.5356,0.0146773
282.189,10.5217,0.0123193
310.872,8.66974,0.0101509
342.517,7.14176,0.00836191
375.706,5.93569,0.00694979
409.531,4.99568,0.00584918
443.425,4.26117,0.00498918
477.04,3.68179,0.00431082
510.168,3.21916,0.00376915
542.685,2.84494,0.00333099
574.523,2.53837,0.00297204
605.645,2.28419,0.00267444
636.038,2.0711,0.00242495
665.703,1.89064,0.00221365
694.647,1.73636,0.00203302
722.883,1.60337,0.0018773
750.429,1.48782,0.001742
777.304,1.38672,0.00162363
803.525,1.29769,0.00151939
829.113,1.21883,0.00142706
854.086,1.14859,0.00134483
878.464,1.08573,0.00127122
902.263,1.02921,0.00120504
925.503,0.978168,0.00114529
948.198,0.931903,0.00109112
970.365,0.889812,0.00104183
992.019,0.85139,0.000996848
1013.17,0.816207,0.000955654
1033.84,0.783896,0.000917823
1054.04,0.754142,0.000882986
1073.78,0.726674,0.000850824
1093.07,0.701255,0.000821062
1111.92,0.67768,0.00079346
1130.34,0.65577,0.000767807
1148.34,0.635368,0.000743919
1165.94,0.616335,0.000721634
1183.14,0.598548,0.000700808
1199.94,0.581899,0.000681315
1216.37,0.566292,0.000663042
1232.41,0.55164,0.000645887
1248.09,0.537867,0.00062976
1263.41,0.524903,0.000614581
1278.38,0.512686,0.000600277
1292.99,0.501161,0.000586783
1307.27,0.490277,0.000574039
1321.2,0.479987,0.000561992
1334.81,0.470252,0.000550593
1348.09,0.461032,0.000539798
1361.05,0.452294,0.000529568
1373.69,0.444007,0.000519864
1386.03,0.436141,0.000510654
1398.05,0.42867,0.000501907
1409.77,0.421571,0.000493595
1421.2,0.414821,0.000485692
1432.32,0.408401,0.000478175
1443.16,0.402291,0.000471021
1453.71,0.396474,0.00046421
1463.97,0.390934,0.000457724
1473.95,0.385657,0.000451545
1483.66,0.380629,0.000445658
1493.09,0.375837,0.000440047
1502.24,0.37127,0.0004347
1511.13,0.366916,0.000429603
1519.75,0.362767,0.000424744
1528.1,0.358811,0.000420113
1536.19,0.355042,0.0004157
1544.02,0.35145,0.000411494
1551.59,0.348028,0.000407487
1558.91,0.344769,0.000403672
1565.97,0.341666,0.000400039
1572.78,0.338714,0.000396583
1579.34,0.335907,0.000393295
1585.65,0.333238,0.000390171
1591.71,0.330704,0.000387204
1597.53,0.3283,0.000384389
1603.1,0.326021,0.000381721
1608.43,0.323864,0.000379195
1613.52,0.321824,0.000376807
1618.37,0.319898,0.000374552
1622.98,0.318083,0.000372427
1627.36,0.316376,0.000370428
1631.49,0.314774,0.000368553
1635.39,0.313275,0.000366797
1639.06,0.311875,0.000365158
1642.49,0.310573,0.000363634
1645.69,0.309368,0.000362222
1648.65,0.308255,0.00036092
1651.39,0.307235,0.000359726
1653.89,0.306306,0.000358638
1656.16,0.305466,0.000357654
1658.21,0.304714,0.000356773
1660.02,0.304049,0.000355994
1661.6,0.303469,0.000355316
1662.96,0.302974,0.000354737
1664.09,0.302564,0.000354256
1664.99,0.302237,0.000353874
1665.66,0.301994,0.000353589
1666.1,0.301833,0.0003534
1666.32,0.301755,0.000353309
1666.3,0.301759,0.000353314
1666.07,0.301846,0.000353415
1665.6,0.302015,0.000353613
1664.9,0.302267,0.000353908
1663.98,0.302602,0.000354301
1662.83,0.303021,0.000354791
1661.45,0.303524,0.00035538
1659.84,0.304112,0.000356069
1658.01,0.304786,0.000356858
1655.94,0.305548,0.00035775
1653.65,0.306397,0.000358744
1651.12,0.307335,0.000359843
1648.36,0.308364,0.000361048
1645.37,0.309486,0.000362361
1642.15,0.310702,0.000363784
1638.69,0.312013,0.00036532
1635,0.313423,0.00036697
1631.08,0.314933,0.000368738
1626.92,0.316545,0.000370626
1622.52,0.318263,0.000372638
1617.89,0.320089,0.000374776
1613.02,0.322026,0.000377044
1607.9,0.324078,0.000379446
1602.55,0.326248,0.000381986
1596.95,0.328539,0.000384669
1591.11,0.330956,0.000387499
1585.02,0.333504,0.000390482
1578.68,0.336186,0.000393622
1572.1,0.339008,0.000396927
1565.26,0.341975,0.000400401
1558.17,0.345093,0.000404052
1550.83,0.348368,0.000407886
1543.23,0.351807,0.000411913
1535.38,0.355417,0.000416139
1527.26,0.359205,0.000420574
1518.88,0.36318,0.000425228
1510.24,0.36735,0.00043011
1501.32,0.371724,0.000435232
1492.14,0.376314,0.000440606
1482.68,0.381129,0.000446244
1472.95,0.386182,0.00045216
1462.94,0.391485,0.00045837
1452.65,0.397053,0.000464888
1442.07,0.402899,0.000471733
1431.2,0.40904,0.000478923
1420.05,0.415493,0.000486479
1408.59,0.422277,0.000494422
1396.84,0.429413,0.000502777
1384.78,0.436922,0.000511569
1372.42,0.44483,0.000520828
1359.75,0.453162,0.000530584
1346.75,0.461947,0.00054087
1333.44,0.471218,0.000551724
1319.8,0.481008,0.000563187
1305.83,0.491356,0.000575303
1291.52,0.502303,0.00058812
1276.87,0.513896,0.000601694
1261.87,0.526186,0.000616084
1246.51,0.53923,0.000631356
1230.8,0.553089,0.000647583
1214.71,0.567835,0.000664848
1198.25,0.583544,0.000683241
1181.41,0.600304,0.000702864
1164.17,0.618212,0.000723832
1146.53,0.637379,0.000746273
1128.48,0.657928,0.000770333
1110.02,0.68,0.000796176
1091.12,0.703753,0.000823988
1071.79,0.729371,0.000853982
1052.01,0.757061,0.000886403
1031.76,0.787062,0.000921529
1011.04,0.819649,0.000959684
989.839,0.855144,0.00100124
968.134,0.893919,0.00104664
945.913,0.93641,0.00109639
923.163,0.983132,0.0011511
899.868,1.03469,0.00121147
